n_clusters,silhouette_score
3,0.150656
4,0.146873
6,0.144944
5,0.143847
